ID,Setup,Punchline,Category,Status
1,"Why was six afraid of seven?","Because seven eight nine.","Math & School Jokes","draft"
2,"Why was the equal sign so humble?","Because it knew it was not less than or greater than anyone else.","Math & School Jokes","draft"
3,"What did the zero say to the eight?","Nice belt.","Math & School Jokes","draft"
4,"What did the triangle say to the circle?","You are pointless.","Math & School Jokes","draft"
5,"Why did the obtuse angle go to the beach?","Because it was over 90 degrees.","Math & School Jokes","draft"
6,"What is a math teacher favorite tree?","Geome-tree.","Math & School Jokes","draft"
7,"Why did the teacher wear sunglasses to class?","Because her students were so bright.","Math & School Jokes","draft"
8,"Why was the library so tall?","Because it had so many stories.","Math & School Jokes","draft"
9,"Why did the student do multiplication problems on the floor?","The teacher told him not to use tables.","Math & School Jokes","draft"
10,"Why did the student throw his clock out the window?","He wanted to see time fly.","Math & School Jokes","draft"
11,"What is a math teacher favorite season?","Sum-mer.","Math & School Jokes","draft"
12,"What is a math teacher favorite dessert?","Pi.","Math & School Jokes","draft"
13,"Why did the student bring string to math class?","To tie up loose ends... and to draw straight lines.","Math & School Jokes","draft"
14,"Why was the geometry book so friendly?","It had a lot of angles to work with... it was acute one.","Math & School Jokes","draft"
15,"What did the acute angle say to the obtuse angle?","You are looking pretty big today.","Math & School Jokes","draft"
16,"Why was the fraction so nervous?","It was worried about being improper.","Math & School Jokes","draft"
17,"Why did the decimal break up with the fraction?","It could not handle the long division.","Math & School Jokes","draft"
18,"What did the acorn say when it grew up?","Geometry.","Math & School Jokes","draft"
19,"Why did the teacher write on the window?","She wanted the lesson to be very clear.","Math & School Jokes","draft"
20,"Why was the calculator so confident?","It could always count on itself.","Math & School Jokes","draft"
21,"Why was the pencil so sharp?","It paid close attention in class.","Math & School Jokes","draft"
22,"What did the pencil say to the eraser?","You always rub me the right way.","Math & School Jokes","draft"
23,"What did the glue say at the school dance?","I am stuck on you.","Math & School Jokes","draft"
24,"Why was the backpack always tired?","It carried everyone else's books.","Math & School Jokes","draft"
25,"What did the school bell say at the end of the day?","Time is up.","Math & School Jokes","draft"
26,"Why was the ruler so fair?","It always measured up.","Math & School Jokes","draft"
27,"What did one sheet of paper say to the other?","I feel torn.","Math & School Jokes","draft"
28,"Why was the crayon box so popular?","It had every color of friend.","Math & School Jokes","draft"
29,"Why was the marker so confident?","Because it was a bold marker.","Math & School Jokes","draft"
30,"Why was the school clock so patient?","It knew time would pass.","Math & School Jokes","draft"
31,"Why was the report card so nervous?","It was afraid of being graded.","Math & School Jokes","draft"
32,"Why was the graduation cap so proud?","It was at the top of its class.","Math & School Jokes","draft"
33,"Why was the school bus so patient?","It picked everyone up, one stop at a time.","Math & School Jokes","draft"
34,"Why was the principal so calm?","He had a lot of principal... principles.","Math & School Jokes","draft"
35,"Why do plants hate math?","It gives them square roots.","Math & School Jokes","draft"
36,"What do you call friends who love math together?","Alge-bros.","Math & School Jokes","draft"
37,"What is the best tool for doing math?","Multi-pliers.","Math & School Jokes","draft"
38,"What is an owl favorite type of math?","Owl-gebra.","Math & School Jokes","draft"
39,"How do you make seven an even number?","Take away the S.","Math & School Jokes","draft"
40,"What are the three kinds of mathematicians?","Those who can count and those who cannot.","Math & School Jokes","draft"
41,"Why do mathematicians love national parks?","Because of all the natural logs.","Math & School Jokes","draft"
42,"Why did the kid study math on the airplane?","He wanted a higher education.","Math & School Jokes","draft"
43,"What is the king of the school supplies?","The ruler.","Math & School Jokes","draft"
44,"What do librarians take fishing?","Bookworms.","Math & School Jokes","draft"
45,"Why did the remainder feel sad?","It was always left over.","Math & School Jokes","draft"
46,"What do you call two numbers that are always together?","Prime mates.","Math & School Jokes","draft"
47,"What did the teacher say when the student asked if math gets easier?","It gets different, and one day different feels easy.","Math & School Jokes","draft"
48,"Why was pi day the math class favorite holiday?","Everyone got to eat the lesson.","Math & School Jokes","draft"
49,"What did the student say when the word problem started with forty two watermelons?","Who is buying all these watermelons?","Math & School Jokes","draft"
50,"Why did the kid show his work in pen?","Pencils are for people who make mistakes, and this was his moment.","Math & School Jokes","draft"
51,"What did the student say when the teacher asked who forgot their homework?","Nobody raised a hand, but everybody raised their eyebrows.","Math & School Jokes","draft"
52,"What did the student say when the teacher pushed back the test?","Best news since long division took a day off.","Math & School Jokes","draft"
53,"What did the math student say during vocabulary practice?","All these words and not a single number.","Math & School Jokes","draft"
54,"What did the student say when the trip permission slip came home?","This is the only homework I will sign myself.","Math & School Jokes","draft"
55,"What did the teacher write in every yearbook?","Keep counting on yourself.","Math & School Jokes","draft"
56,"What is a math teacher favorite kind of music?","Algo-rhythms.","Math & School Jokes","draft"
57,"What did the math teacher say when the class aced the test?","You can really count on yourselves.","Math & School Jokes","draft"
58,"Why was the dictionary so relaxed?","It had all the words it needed.","Math & School Jokes","draft"
59,"What did the thesaurus have for breakfast?","A synonym roll.","Math & School Jokes","draft"
60,"Why was the globe so well rounded?","It had been all around the world.","Math & School Jokes","draft"
61,"Why did the history teacher never panic?","He had seen it all before.","Math & School Jokes","draft"
62,"Why did the geography teacher feel grounded?","The subject kept her down to earth.","Math & School Jokes","draft"
63,"Why was the art teacher so drawn to teaching?","It was in her nature.","Math & School Jokes","draft"
64,"Why was the music teacher so composed?","She never lost her tempo.","Math & School Jokes","draft"
65,"Why did the PE teacher feel great?","He was always jumping for joy.","Math & School Jokes","draft"
66,"Why was the math student top of the class?","He could always count on himself.","Math & School Jokes","draft"
67,"Why did the math teacher love jokes?","They always added up.","Math & School Jokes","draft"
68,"What did the math teacher say after a great lesson?","That was sum lesson.","Math & School Jokes","draft"
69,"Why was the geometry class so sharp?","It was full of acute students.","Math & School Jokes","draft"
70,"Why did the student keep looking for x?","It was always hiding in the equation.","Math & School Jokes","draft"
71,"Why was the percentage so honest?","It always gave a hundred percent.","Math & School Jokes","draft"
72,"Why was the statistic so mean?","Because it was just the average.","Math & School Jokes","draft"
73,"Why was the mode so popular?","It showed up the most.","Math & School Jokes","draft"
74,"Why was the median always centered?","It never took sides.","Math & School Jokes","draft"
75,"Why was the graph so optimistic?","Its lines kept going up.","Math & School Jokes","draft"
76,"Why was the right angle never wrong?","It was always right.","Math & School Jokes","draft"
77,"Why was the circle so well rounded?","It had no edges to sharpen.","Math & School Jokes","draft"
78,"Why was the number line so patient?","It knew there was always more to come.","Math & School Jokes","draft"
79,"Why did the kids love recess?","It was the highlight of their day.","Math & School Jokes","draft"
80,"Why was the letter Y so conflicted?","It could not decide if it was a vowel or a consonant.","Math & School Jokes","draft"
81,"Why was the book so easygoing?","It knew how to turn the page.","Math & School Jokes","draft"
82,"Why did the pencil love cursive class?","It finally learned to let loose.","Math & School Jokes","draft"
83,"Why was the school play so emotional?","There was a lot of acting out.","Math & School Jokes","draft"
84,"Why did the history class do so well?","They learned from the past.","Math & School Jokes","draft"
85,"Why was the geography student never lost?","He always knew where he stood on the map.","Math & School Jokes","draft"
86,"Why did the Spanish student love the siesta lesson?","It was the most restful class of the day.","Math & School Jokes","draft"
87,"Why was the janitor considered the smartest person in school?","He swept through every class.","Math & School Jokes","draft"
88,"Why did the paperback need a jacket?","Because it was a little dusty.","Math & School Jokes","draft"
89,"Why was the student so good at geometry?","He knew all the angles.","Math & School Jokes","draft"
90,"Why did the music student love fractions?","He understood whole notes and half notes.","Math & School Jokes","draft"
91,"Why did the banker love his job?","He found it very interesting.","Math & School Jokes","draft"
92,"Why did the pencil cross the road?","It wanted to draw its own path.","Math & School Jokes","draft"
93,"Why was the gold star sticker so proud?","It was stuck on the best test in class.","Math & School Jokes","draft"
94,"Why did the student love music math problems?","He could really count on the beat.","Math & School Jokes","draft"
95,"Why was the geography teacher bad at hide and seek?","Because she was always on the map.","Math & School Jokes","draft"
96,"Why did the student do homework at the library?","Because silence is golden.","Math & School Jokes","draft"
97,"Why was the math riddle never lonely?","It always had a problem for company.","Math & School Jokes","draft"
98,"Why did the student give the teacher an apple?","He wanted to be the core of attention.","Math & School Jokes","draft"
99,"Why did the school year feel short?","Time flies when you are having class.","Math & School Jokes","draft"
100,"Why was the math class always so upbeat?","It knew how to stay positive.","Math & School Jokes","draft"
