1,Why did the tomato blush?,Because it saw the salad dressing!,Food Puns
2,What do you call a cheese that is sad?,Blue cheese.,Food Puns
3,Why did the cookie go to the hospital?,Because it felt crummy.,Food Puns
4,What did the lettuce say to the celery?,Quit stalking me!,Food Puns
5,Why do we never tell eggs secrets?,They would crack up.,Food Puns
6,What did the grape do when it got stepped on?,It let out a little wine.,Food Puns
7,Why did the banana go to the doctor?,Because it was not peeling well.,Food Puns
8,What kind of room has no doors or windows?,A mushroom.,Food Puns
9,Why did the cow win an award?,Because she was udderly amazing.,Animals
10,What do you call a fish without eyes?,A fsh.,Animals
11,Why do seagulls fly over the sea?,Because if they flew over the bay they would be bagels!,Animals
12,What do you call a bear with no teeth?,A gummy bear.,Animals
13,Why did the duck get in trouble?,He was down bad.,Animals
14,What do you call an alligator in a vest?,An investigator.,Animals
15,Why did the computer go to the doctor?,It caught a virus.,Tech
16,How do computers make decisions?,They use their bytes.,Tech
17,Why was the smartphone wearing glasses?,It lost all its contacts.,Tech
18,What do you call a sleeping computer?,A laptop.,Tech
19,Why did the programmer quit his job?,Because he did not get arrays.,Tech
20,What is a computer's favorite snack?,Microchips!,Tech
